MODEL,PRED_DOCKQ
fold_7z4t_3_model_2,0.73587894
fold_7z4t_3_model_3,0.7352207
fold_7z4t_5_model_2,0.72722083
fold_7z4t_4_model_2,0.7235186
fold_7z4t_4_model_0,0.7149664
fold_7z4t_5_model_1,0.70824933
fold_7z4t_3_model_0,0.7078789
fold_7z4t_3_model_4,0.7076662
fold_7z4t_2_model_3,0.70660615
fold_7z4t_2_model_2,0.69654095
fold_7z4t_2_model_4,0.6675868
fold_7z4t_4_model_4,0.6614095
fold_7z4t_5_model_0,0.64742726
fold_7z4t_3_model_1,0.6469392
fold_7z4t_2_model_1,0.64460856
fold_7z4t_1_model_1,0.6415102
fold_7z4t_4_model_1,0.62253195
fold_7z4t_5_model_3,0.5847529
fold_7z4t_2_model_0,0.5792894
fold_7z4t_5_model_4,0.5306461
fold_7z4t_1_model_0,0.47620887
fold_7z4t_1_model_2,0.46082568
fold_7z4t_1_model_3,0.45784292
fold_7z4t_4_model_3,0.39348313
fold_7z4t_1_model_4,0.1943775
